gameDate,gameId,teamFullName_home,teamFullName_away,home_score,away_score,home_win_probability,predicted_home_win,home_win,correct,games_played_prior_home,games_played_prior_away,rolling_win_pct_5_diff,rolling_goal_diff_5_diff
2023-10-10,2023020002,Pittsburgh Penguins,Chicago Blackhawks,2,4,0.7019272897324089,1,0,False,0,0,0.0,0.0
2023-10-10,2023020001,Tampa Bay Lightning,Nashville Predators,5,3,0.6234349829487086,1,1,True,0,0,0.0,0.0
2023-10-10,2023020003,Vegas Golden Knights,Seattle Kraken,4,1,0.6512220801294106,1,1,True,0,0,0.0,0.0
2023-10-11,2023020004,Carolina Hurricanes,Ottawa Senators,5,3,0.6718276777089072,1,1,True,0,0,0.0,0.0
2023-10-11,2023020005,Toronto Maple Leafs,Montréal Canadiens,5,5,0.7049913920770418,1,0,False,0,0,0.0,0.0
2023-10-11,2023020007,Calgary Flames,Winnipeg Jets,5,3,0.6641465982544719,1,1,True,0,0,0.0,0.0
2023-10-11,2023020006,Boston Bruins,Chicago Blackhawks,3,1,0.8485905874295974,1,1,True,0,1,-1.0,-2.0
2023-10-11,2023020008,Los Angeles Kings,Colorado Avalanche,2,5,0.6545508949823454,1,0,False,0,0,0.0,0.0
2023-10-11,2023020009,Vancouver Canucks,Edmonton Oilers,8,1,0.6512220801294106,1,1,True,0,0,0.0,0.0
2023-10-12,2023020016,San Jose Sharks,Vegas Golden Knights,1,4,0.6605477687457302,1,0,False,0,1,-1.0,-3.0
2023-10-12,2023020015,Nashville Predators,Seattle Kraken,3,0,0.5571411461005553,1,1,True,1,1,0.0,1.0
2023-10-12,2023020014,Minnesota Wild,Florida Panthers,2,0,0.6718276777089072,1,1,True,0,0,0.0,0.0
2023-10-12,2023020010,Buffalo Sabres,New York Rangers,1,5,0.6478784443378449,1,0,False,0,0,0.0,0.0
2023-10-12,2023020012,New Jersey Devils,Detroit Red Wings,4,3,0.6718276777089072,1,1,True,0,0,0.0,0.0
2023-10-12,2023020013,Dallas Stars,St. Louis Blues,1,1,0.6545508949823454,1,0,False,0,0,0.0,0.0
2023-10-12,2023020011,Columbus Blue Jackets,Philadelphia Flyers,2,4,0.6512220801294106,1,0,False,0,0,0.0,0.0
2023-10-13,2023020018,Washington Capitals,Pittsburgh Penguins,0,4,0.7619467769946354,1,0,False,0,1,0.0,2.0
2023-10-14,2023020020,Winnipeg Jets,Florida Panthers,6,4,0.42166206674887396,0,1,False,1,1,0.0,0.0
2023-10-14,2023020025,Pittsburgh Penguins,Calgary Flames,5,2,0.5303392612438751,1,1,True,2,1,-0.5,-1.0
2023-10-14,2023020029,Edmonton Oilers,Vancouver Canucks,3,4,0.07204005531195264,0,0,True,1,1,-1.0,-14.0
2023-10-14,2023020032,Los Angeles Kings,Carolina Hurricanes,5,5,0.1737276923435238,0,0,True,1,1,-1.0,-5.0
2023-10-14,2023020024,Montréal Canadiens,Chicago Blackhawks,3,2,0.4252482293083746,0,1,False,1,2,-0.5,0.0
2023-10-14,2023020026,Toronto Maple Leafs,Minnesota Wild,7,4,0.7873689407440015,1,1,True,1,1,-1.0,-2.0
2023-10-14,2023020028,St. Louis Blues,Seattle Kraken,1,1,0.5694592444032295,1,0,False,1,2,0.0,3.0
2023-10-14,2023020021,Boston Bruins,Nashville Predators,3,2,0.66646051631606,1,1,True,1,2,0.5,1.5
2023-10-14,2023020019,Ottawa Senators,Philadelphia Flyers,5,2,0.19691899994602774,0,1,False,1,1,-1.0,-4.0
2023-10-14,2023020031,Vegas Golden Knights,Anaheim Ducks,4,1,0.6136873040537707,1,1,True,2,0,1.0,3.0
2023-10-14,2023020023,Detroit Red Wings,Tampa Bay Lightning,6,4,0.4170044601287751,0,1,False,1,1,-1.0,-3.0
2023-10-14,2023020030,San Jose Sharks,Colorado Avalanche,1,1,0.19417258975705282,0,0,True,1,1,-1.0,-6.0
2023-10-14,2023020022,Columbus Blue Jackets,New York Rangers,5,3,0.14169032853423155,0,1,False,1,1,-1.0,-6.0
2023-10-14,2023020027,New York Islanders,Buffalo Sabres,3,2,0.8850301976972869,1,1,True,0,1,0.0,4.0
2023-10-15,2023020034,Anaheim Ducks,Carolina Hurricanes,6,3,0.22557293659434619,0,1,False,1,2,-0.5,-4.0
2023-10-15,2023020033,Ottawa Senators,Tampa Bay Lightning,5,2,0.6107684659963444,1,1,True,2,2,0.0,0.5
2023-10-16,2023020038,Toronto Maple Leafs,Chicago Blackhawks,1,4,0.8362836832490825,1,0,False,2,3,0.16666666666666669,1.8333333333333333
2023-10-16,2023020039,Washington Capitals,Calgary Flames,2,2,0.28727133664096666,0,0,True,1,2,-0.5,-3.5
2023-10-16,2023020035,Columbus Blue Jackets,Detroit Red Wings,0,4,0.26821639105402867,0,0,True,2,2,0.0,-0.5
2023-10-16,2023020036,New Jersey Devils,Florida Panthers,3,4,0.5547183821467043,1,0,False,2,2,0.5,2.5
2023-10-17,2023020045,Winnipeg Jets,Los Angeles Kings,1,5,0.5875773394880283,1,0,False,2,2,0.5,1.5
2023-10-17,2023020048,Vegas Golden Knights,Dallas Stars,2,2,0.6093377647595798,1,0,False,3,1,1.0,3.0
2023-10-17,2023020041,Montréal Canadiens,Minnesota Wild,2,5,0.5576764483035627,1,0,False,2,2,0.0,1.0
2023-10-17,2023020044,Nashville Predators,Edmonton Oilers,1,6,0.5102344008378813,1,0,False,3,2,0.3333333333333333,4.0
2023-10-17,2023020047,San Jose Sharks,Carolina Hurricanes,3,6,0.16985678863278456,0,0,True,2,3,-0.3333333333333333,-1.1666666666666667
2023-10-17,2023020046,Seattle Kraken,Colorado Avalanche,1,4,0.21931192459153437,0,0,True,3,2,-0.5,-3.5
2023-10-17,2023020040,Buffalo Sabres,Tampa Bay Lightning,3,2,0.3863871785855449,0,1,False,2,3,-0.3333333333333333,-1.5
2023-10-17,2023020042,Philadelphia Flyers,Vancouver Canucks,2,0,0.31078703803556273,0,1,False,2,2,-0.5,-4.5
2023-10-18,2023020049,Ottawa Senators,Washington Capitals,6,1,0.8212386495900429,1,1,True,3,2,0.6666666666666666,3.333333333333333
2023-10-18,2023020050,Detroit Red Wings,Pittsburgh Penguins,6,3,0.5843518216435329,1,1,True,3,3,0.0,0.0
2023-10-26,2023020105,Pittsburgh Penguins,Colorado Avalanche,4,0,0.5873500238906614,1,1,True,4,3,-0.16666666666666663,-1.5
2023-10-26,2023020107,New York Islanders,Ottawa Senators,3,2,0.6227760362427703,1,1,True,2,4,0.25,-1.25
2023-10-26,2023020100,Boston Bruins,Anaheim Ducks,3,4,0.67663482198884,1,0,False,2,2,0.5,1.5
2023-10-26,2023020104,Philadelphia Flyers,Minnesota Wild,6,2,0.5816066445515653,1,1,True,3,3,0.0,-0.3333333333333333
2023-10-26,2023020103,Montréal Canadiens,Columbus Blue Jackets,4,3,0.5887494139097387,1,1,True,3,3,0.0,0.6666666666666666
2023-10-26,2023020101,Carolina Hurricanes,Seattle Kraken,3,2,0.7270076112287709,1,1,True,4,4,0.5,2.75
2023-10-26,2023020106,Tampa Bay Lightning,San Jose Sharks,6,0,0.7069591335100198,1,1,True,4,3,0.25,1.0
2023-10-26,2023020102,Detroit Red Wings,Winnipeg Jets,1,4,0.7150545128162423,1,0,False,4,3,0.4166666666666667,3.333333333333333
2023-10-26,2023020109,Calgary Flames,St. Louis Blues,0,3,0.6060358064159657,1,0,False,3,2,0.3333333333333333,-0.3333333333333333
2023-10-27,2023020113,New Jersey Devils,Buffalo Sabres,5,4,0.6312910467546659,1,1,True,3,3,0.0,1.3333333333333333
2023-10-27,2023020114,Washington Capitals,Minnesota Wild,2,2,0.3963907906177718,0,0,True,3,4,-0.5,-2.5
2023-10-27,2023020112,Carolina Hurricanes,San Jose Sharks,3,0,0.8569453863230301,1,1,True,5,4,0.6,3.6
2023-10-27,2023020111,Vegas Golden Knights,Chicago Blackhawks,3,4,0.7819082215599591,1,0,False,4,4,0.25,1.75
2023-10-27,2023020116,Vancouver Canucks,St. Louis Blues,5,0,0.5586502839616533,1,1,True,3,3,0.3333333333333333,1.0
2023-10-28,2023020123,Pittsburgh Penguins,Ottawa Senators,2,5,0.5039423266746811,1,0,False,5,5,0.0,-0.40000000000000013
2023-10-28,2023020120,Columbus Blue Jackets,New York Islanders,0,2,0.35973687921588143,0,0,True,4,3,-0.75,-2.25
2023-10-28,2023020121,Montréal Canadiens,Winnipeg Jets,3,3,0.532546050723922,1,0,False,4,4,0.0,0.0
2023-10-28,2023020118,Florida Panthers,Seattle Kraken,3,2,0.6779736173403736,1,1,True,3,5,0.3333333333333333,1.0
2023-10-28,2023020117,Philadelphia Flyers,Anaheim Ducks,4,7,0.6624149271171957,1,0,False,4,3,0.08333333333333337,0.9166666666666667
2023-10-28,2023020119,Boston Bruins,Detroit Red Wings,4,1,0.39760416083368816,0,1,False,3,5,0.06666666666666665,-0.33333333333333337
2023-10-28,2023020122,Nashville Predators,Toronto Maple Leafs,3,2,0.48839602140093835,0,1,False,4,3,-0.08333333333333331,-1.25
2023-10-28,2023020125,Los Angeles Kings,Vegas Golden Knights,3,3,0.48190038977444444,0,0,True,4,5,-0.09999999999999998,-1.1
2023-10-28,2023020124,Vancouver Canucks,New York Rangers,3,4,0.319416493664485,0,0,True,4,3,0.08333333333333337,1.75
2023-10-29,2023020128,Washington Capitals,San Jose Sharks,3,1,0.5724188322349103,1,1,True,4,5,0.0,0.75
2023-10-29,2023020129,Edmonton Oilers,Calgary Flames,5,2,0.47103360786157566,0,1,False,4,4,0.0,-0.5
2023-10-29,2023020127,New Jersey Devils,Minnesota Wild,4,3,0.6108337905694586,1,1,True,4,5,0.09999999999999998,0.65
2023-10-29,2023020126,Buffalo Sabres,Colorado Avalanche,4,0,0.3629582617940001,0,1,False,4,4,-0.25,-1.75
2023-10-30,2023020136,Dallas Stars,Columbus Blue Jackets,5,3,0.5722148108815819,1,1,True,3,5,-0.2,0.3999999999999999
2023-10-30,2023020135,Winnipeg Jets,New York Rangers,2,3,0.3856622468023362,0,0,True,5,4,-0.35,-1.2
2023-10-30,2023020133,Tampa Bay Lightning,Seattle Kraken,3,4,0.6635505744853267,1,0,False,5,6,0.4,2.0
2023-10-30,2023020131,Philadelphia Flyers,Carolina Hurricanes,2,3,0.3786432678268774,0,0,True,5,6,0.0,-0.4
2023-10-30,2023020138,Vegas Golden Knights,Montréal Canadiens,2,2,0.6998451121466664,1,0,False,6,5,0.0,1.2
2023-10-30,2023020132,Pittsburgh Penguins,Anaheim Ducks,3,4,0.6064934410109198,1,0,False,6,4,-0.15000000000000002,0.0
2023-10-30,2023020134,New York Islanders,Detroit Red Wings,3,4,0.5364013691334188,1,0,False,4,6,0.4,0.65
2023-10-30,2023020130,Boston Bruins,Florida Panthers,3,2,0.5667910249834843,1,1,True,4,4,0.25,1.75
2023-10-31,2023020139,Toronto Maple Leafs,Los Angeles Kings,1,4,0.44502578915410695,0,0,True,4,5,-0.15000000000000002,-0.65
2023-10-31,2023020140,Vancouver Canucks,Nashville Predators,5,2,0.5351567939089118,1,1,True,5,5,0.19999999999999996,2.8
2023-11-01,2023020141,Philadelphia Flyers,Buffalo Sabres,2,5,0.6282304147906296,1,0,False,6,5,0.0,0.0
2023-11-01,2023020143,Colorado Avalanche,St. Louis Blues,4,1,0.49751103485239606,0,1,False,5,4,0.15000000000000002,0.09999999999999998
2023-11-01,2023020142,Calgary Flames,Dallas Stars,3,4,0.4544420821924834,0,0,True,5,4,-0.04999999999999999,-1.15
2023-11-02,2023020147,Detroit Red Wings,Florida Panthers,0,2,0.4760257653868284,0,0,True,7,5,0.19999999999999996,1.0
2023-11-02,2023020150,Washington Capitals,New York Islanders,0,3,0.3269374168469378,0,0,True,5,5,-0.6000000000000001,-2.2
2023-11-02,2023020151,Minnesota Wild,New Jersey Devils,3,5,0.491078604684172,0,0,True,6,5,-0.39999999999999997,-1.4
2023-11-09,2023020196,New York Rangers,Minnesota Wild,4,1,0.6864166668264752,1,1,True,5,7,0.6000000000000001,1.8
2023-11-10,2023020204,Buffalo Sabres,Minnesota Wild,3,2,0.4993542393339976,0,1,False,6,8,0.6,3.2
2023-11-10,2023020205,Florida Panthers,Carolina Hurricanes,5,2,0.4186192831593696,0,1,False,6,7,-0.20000000000000007,-0.8
2023-11-10,2023020208,Anaheim Ducks,Philadelphia Flyers,3,6,0.3488726534876019,0,0,True,6,7,0.6,2.0
2023-11-10,2023020209,Vegas Golden Knights,San Jose Sharks,5,0,0.7946477067426424,1,1,True,7,6,0.2,3.1999999999999997
2023-11-10,2023020207,Toronto Maple Leafs,Calgary Flames,4,4,0.5779387386160443,1,0,False,6,6,0.2,1.2
2023-11-10,2023020206,New Jersey Devils,Washington Capitals,2,4,0.7435840886498462,1,0,False,6,6,0.39999999999999997,1.7999999999999998
2023-11-11,2023020212,Montréal Canadiens,Boston Bruins,3,2,0.43524911713218617,0,1,False,6,5,-0.4,-1.4
2023-11-11,2023020220,Seattle Kraken,Edmonton Oilers,1,4,0.3606966283856906,0,0,True,7,6,-0.2,-1.4
2023-11-11,2023020210,Detroit Red Wings,Columbus Blue Jackets,5,4,0.6595322271469513,1,1,True,9,6,0.0,-0.20000000000000018
2023-11-11,2023020215,Toronto Maple Leafs,Vancouver Canucks,5,2,0.41350061382141273,0,1,False,7,7,-0.6,-3.0
2023-11-11,2023020216,New York Islanders,Washington Capitals,1,4,0.7021578215616707,1,0,False,6,7,0.4,2.0
2023-11-11,2023020213,Ottawa Senators,Calgary Flames,4,1,0.7160554434064248,1,1,True,7,7,0.6,3.2
2023-11-11,2023020221,Los Angeles Kings,Philadelphia Flyers,2,4,0.5421514523432974,1,0,False,6,8,0.19999999999999996,1.6
2023-11-11,2023020217,Pittsburgh Penguins,Buffalo Sabres,4,0,0.7521189542048337,1,1,True,8,7,-0.4,-2.0
2023-11-11,2023020214,Tampa Bay Lightning,Carolina Hurricanes,0,4,0.37245385717545804,0,0,True,7,8,-0.6000000000000001,-1.2
2023-11-11,2023020211,Winnipeg Jets,Dallas Stars,2,3,0.6576899834787615,1,0,False,8,5,0.0,0.4
2023-11-11,2023020219,Colorado Avalanche,St. Louis Blues,2,8,0.6106941639109701,1,0,False,6,5,0.2,0.6
2023-11-12,2023020225,New York Rangers,Columbus Blue Jackets,3,3,0.8052022207797394,1,0,False,6,7,0.8,2.8
2023-11-12,2023020224,Montréal Canadiens,Vancouver Canucks,2,5,0.37896071884604793,0,0,True,7,8,-0.19999999999999996,-1.5999999999999999
2023-11-12,2023020222,Florida Panthers,Chicago Blackhawks,4,3,0.7242990851095379,1,1,True,7,6,0.4,2.4
2023-11-12,2023020226,Anaheim Ducks,San Jose Sharks,4,1,0.7655898398904006,1,1,True,7,7,0.8,4.3999999999999995
2023-11-12,2023020223,Minnesota Wild,Dallas Stars,3,8,0.6596542435895167,1,0,False,9,6,-0.6,-1.5999999999999999
2023-11-13,2023020228,Seattle Kraken,Colorado Avalanche,1,5,0.4912901387624487,0,0,True,8,7,-0.2,0.20000000000000018
2023-11-13,2023020227,Edmonton Oilers,New York Islanders,4,1,0.5371875950281739,1,1,True,7,7,0.0,0.9999999999999999
2023-11-14,2023020236,Winnipeg Jets,New Jersey Devils,6,3,0.4248114827777641,0,1,False,9,7,-0.39999999999999997,-0.6000000000000001
2023-11-14,2023020229,Buffalo Sabres,Boston Bruins,2,5,0.320905698896294,0,0,True,8,6,0.0,0.0
2023-11-14,2023020231,Montréal Canadiens,Calgary Flames,1,2,0.5504632534120023,1,0,False,8,8,0.4,1.8
2023-11-14,2023020237,San Jose Sharks,Florida Panthers,3,5,0.20066958307402782,0,0,True,8,8,-0.8,-5.0
2023-11-14,2023020232,Washington Capitals,Vegas Golden Knights,3,0,0.3550004338225973,0,1,False,8,8,0.39999999999999997,0.0
2023-11-14,2023020234,Nashville Predators,Anaheim Ducks,2,3,0.496559331257703,0,0,True,8,8,-0.6000000000000001,-3.2
2023-11-14,2023020230,Columbus Blue Jackets,Pittsburgh Penguins,3,5,0.25998837238971084,0,0,True,8,9,-0.6,-2.2
2023-11-14,2023020235,St. Louis Blues,Tampa Bay Lightning,5,0,0.5316323083435122,1,1,True,6,8,0.2,0.6000000000000001
2023-11-15,2023020239,Edmonton Oilers,Seattle Kraken,4,3,0.7079919687593533,1,1,True,8,9,0.39999999999999997,2.6
2023-11-15,2023020241,Vancouver Canucks,New York Islanders,4,3,0.5976514019426704,1,1,True,9,8,0.19999999999999996,1.4
2023-11-15,2023020240,Colorado Avalanche,Anaheim Ducks,8,2,0.5601620545142024,1,1,True,8,9,-0.4,-2.0
2023-11-15,2023020238,Carolina Hurricanes,Philadelphia Flyers,1,3,0.6024331753410773,1,0,False,9,9,0.4,1.6
2023-11-16,2023020244,Montréal Canadiens,Vegas Golden Knights,5,6,0.45011512061581826,0,0,True,9,9,0.0,-0.8
2023-11-16,2023020246,Chicago Blackhawks,Tampa Bay Lightning,2,4,0.5377527426077394,1,0,False,7,9,0.2,0.19999999999999996
2023-11-16,2023020247,Calgary Flames,Vancouver Canucks,5,2,0.3345850099865369,0,1,False,9,10,-0.6000000000000001,-2.5999999999999996
2023-11-16,2023020248,Seattle Kraken,New York Islanders,3,3,0.42801290333771796,0,0,True,10,9,0.0,-0.6000000000000001
2023-11-16,2023020242,Ottawa Senators,Detroit Red Wings,5,4,0.562438020233479,1,1,True,8,10,0.19999999999999996,2.6
2023-11-16,2023020245,Pittsburgh Penguins,New Jersey Devils,2,5,0.5344324183600413,1,0,False,10,8,0.0,0.8
2023-11-16,2023020250,San Jose Sharks,St. Louis Blues,5,1,0.29471342013854906,0,1,False,9,7,-0.6,-4.2
2023-11-16,2023020249,Los Angeles Kings,Florida Panthers,2,1,0.5127189027828308,1,1,True,7,9,-0.20000000000000007,-0.19999999999999996
2023-11-24,2023020298,Washington Capitals,Edmonton Oilers,0,5,0.3403042187573287,0,0,True,9,9,0.0,-0.40000000000000013
2023-11-24,2023020305,Dallas Stars,Calgary Flames,4,7,0.6404054633397127,1,0,False,8,10,0.6,2.0
2023-11-25,2023020311,Pittsburgh Penguins,Toronto Maple Leafs,3,2,0.5339451797729465,1,1,True,12,9,0.39999999999999997,0.8
2023-11-25,2023020310,New Jersey Devils,Buffalo Sabres,7,2,0.7378056837825675,1,1,True,9,9,0.0,0.0
2023-11-25,2023020314,San Jose Sharks,Vancouver Canucks,4,3,0.23856221580906964,0,1,False,10,12,-0.39999999999999997,-2.0
2023-11-25,2023020312,New York Islanders,Philadelphia Flyers,0,0,0.49074063871176127,0,0,True,10,10,-0.39999999999999997,-1.4
2023-11-25,2023020309,Los Angeles Kings,Montréal Canadiens,4,0,0.6736275037480131,1,1,True,8,11,0.39999999999999997,1.4
2023-11-25,2023020308,New York Rangers,Boston Bruins,7,4,0.5289323996105411,1,1,True,8,7,0.20000000000000007,0.3999999999999999
2023-11-25,2023020313,Colorado Avalanche,Calgary Flames,3,1,0.6982716994540832,1,1,True,9,11,0.0,-0.20000000000000007
2023-11-26,2023020316,Detroit Red Wings,Minnesota Wild,4,1,0.5508505067239712,1,1,True,12,11,0.4,2.4
2023-11-26,2023020318,Carolina Hurricanes,Columbus Blue Jackets,3,2,0.753751641049678,1,1,True,10,11,0.39999999999999997,1.2
2023-11-26,2023020317,Chicago Blackhawks,St. Louis Blues,2,4,0.45392329219628336,0,0,True,8,8,0.0,-1.0
2023-11-26,2023020320,Edmonton Oilers,Anaheim Ducks,8,2,0.5614212526735239,1,1,True,10,10,0.20000000000000007,3.0
2023-11-26,2023020319,Nashville Predators,Winnipeg Jets,3,2,0.5464735572493968,1,1,True,9,10,-0.2,-1.5999999999999999
2023-11-27,2023020326,San Jose Sharks,Washington Capitals,2,1,0.3705927984208366,0,1,False,11,10,-0.19999999999999996,-1.0
2023-11-27,2023020323,Ottawa Senators,Florida Panthers,0,5,0.4447479095826248,0,0,True,10,10,-0.20000000000000007,-0.5999999999999999
2023-11-27,2023020322,New York Rangers,Buffalo Sabres,1,5,0.7747239499162422,1,0,False,9,10,0.4,3.4000000000000004
2023-11-27,2023020321,Columbus Blue Jackets,Boston Bruins,5,2,0.27477111117270153,0,1,False,12,8,-0.39999999999999997,-1.2
2023-11-27,2023020324,Colorado Avalanche,Tampa Bay Lightning,4,1,0.5524760133999823,1,1,True,10,11,0.4,2.4
2023-11-27,2023020325,Calgary Flames,Vegas Golden Knights,2,1,0.3886936457783847,0,1,False,12,11,0.19999999999999996,0.2
2023-11-28,2023020333,Chicago Blackhawks,Seattle Kraken,4,3,0.45375424877441806,0,1,False,9,11,0.0,-0.8000000000000003
2023-11-28,2023020331,Nashville Predators,Pittsburgh Penguins,3,2,0.3873059349734799,0,1,False,10,13,-0.39999999999999997,-2.0
2023-11-28,2023020329,Toronto Maple Leafs,Florida Panthers,1,1,0.4369667223810225,0,0,True,10,11,-0.6000000000000001,-1.8
2023-11-28,2023020328,Philadelphia Flyers,Carolina Hurricanes,1,4,0.44127660091281623,0,0,True,11,11,0.0,0.6000000000000001
2023-11-28,2023020327,New Jersey Devils,New York Islanders,5,4,0.6606144193885813,1,1,True,10,11,0.6,2.4
2023-11-28,2023020336,Vancouver Canucks,Anaheim Ducks,3,1,0.6091814138538029,1,1,True,13,11,0.19999999999999996,3.0
2023-11-28,2023020332,Winnipeg Jets,Dallas Stars,0,2,0.47329127188986986,0,0,True,11,9,-0.4,-0.8
2023-11-28,2023020335,Edmonton Oilers,Vegas Golden Knights,4,4,0.5927529355160654,1,0,False,11,12,0.6,3.6
2023-11-28,2023020330,Minnesota Wild,St. Louis Blues,3,1,0.5577945530405924,1,1,True,12,9,-0.6,-3.8
2023-11-29,2023020339,Los Angeles Kings,Washington Capitals,1,2,0.7238111716564007,1,0,False,9,11,0.0,0.7999999999999999
2023-11-29,2023020337,Columbus Blue Jackets,Montréal Canadiens,2,4,0.39196600040127483,0,0,True,13,12,0.4,1.8
2023-11-29,2023020338,New York Rangers,Detroit Red Wings,3,2,0.592420834403265,1,1,True,10,13,0.0,-0.19999999999999996
2023-11-30,2023020345,Tampa Bay Lightning,Pittsburgh Penguins,2,4,0.546277703586138,1,0,False,13,14,0.0,0.0
2023-11-30,2023020347,Nashville Predators,Minnesota Wild,1,6,0.49709385834091274,0,0,True,11,13,0.2,1.0
2023-11-30,2023020351,Calgary Flames,Dallas Stars,4,3,0.44166853521556887,0,1,False,13,10,0.0,0.0
2023-11-30,2023020343,Montréal Canadiens,Florida Panthers,1,5,0.24540914674905673,0,0,True,13,12,-0.39999999999999997,-2.2
2023-11-30,2023020352,Anaheim Ducks,Washington Capitals,4,5,0.7477844529965518,1,0,False,12,12,-0.19999999999999996,-2.2
2023-11-30,2023020344,Philadelphia Flyers,New Jersey Devils,3,4,0.3986282627490769,0,0,True,12,11,0.0,0.0
2023-11-30,2023020340,Boston Bruins,San Jose Sharks,3,0,0.6324265658921534,1,1,True,9,12,-0.19999999999999996,-0.8
2023-11-30,2023020341,Carolina Hurricanes,New York Islanders,4,5,0.676836027772269,1,0,False,12,12,0.6,1.6
2023-12-07,2023020398,Nashville Predators,Tampa Bay Lightning,5,1,0.5019187265259929,1,1,True,12,14,0.0,-1.4
2023-12-08,2023020407,Edmonton Oilers,Minnesota Wild,4,3,0.6173819781116636,1,1,True,12,14,0.4,3.4
2023-12-08,2023020406,Florida Panthers,Pittsburgh Penguins,3,1,0.6073426594853436,1,1,True,13,15,0.19999999999999996,2.4
2023-12-08,2023020405,Columbus Blue Jackets,St. Louis Blues,5,2,0.34898876942162954,0,1,False,15,11,-0.19999999999999996,-1.2
2023-12-09,2023020411,Buffalo Sabres,Montréal Canadiens,2,2,0.5651683314526731,1,0,False,12,15,0.2,0.8
2023-12-09,2023020416,Chicago Blackhawks,St. Louis Blues,3,1,0.4667834720721976,0,1,False,10,12,-0.2,-1.2000000000000002
2023-12-09,2023020419,Vancouver Canucks,Carolina Hurricanes,4,3,0.4059024962119474,0,1,False,15,14,0.0,-0.2
2023-12-09,2023020410,Dallas Stars,Vegas Golden Knights,1,6,0.4041952653812102,0,0,True,11,13,0.39999999999999997,1.8
2023-12-09,2023020415,New York Islanders,Los Angeles Kings,3,2,0.3236233460817951,0,1,False,13,10,-0.39999999999999997,-1.2
2023-12-09,2023020412,Detroit Red Wings,Ottawa Senators,1,5,0.48413165229907196,0,0,True,14,11,0.19999999999999996,1.8
2023-12-09,2023020418,Seattle Kraken,Tampa Bay Lightning,3,4,0.44454268268921404,0,0,True,12,15,-0.2,-0.8
2023-12-09,2023020413,Toronto Maple Leafs,Nashville Predators,4,0,0.4549642509050116,0,1,False,12,13,-0.39999999999999997,0.2
2023-12-09,2023020409,Calgary Flames,New Jersey Devils,2,4,0.4624927577138246,0,0,True,14,12,0.0,-0.19999999999999996
2023-12-09,2023020414,Washington Capitals,New York Rangers,4,0,0.27814583456890035,0,1,False,13,11,0.0,-0.6000000000000001
2023-12-09,2023020417,Colorado Avalanche,Philadelphia Flyers,2,5,0.49444718039385144,0,0,True,12,13,0.4,2.8
2023-12-10,2023020422,Chicago Blackhawks,Washington Capitals,2,4,0.44260700571206063,0,0,True,11,14,-0.19999999999999996,-0.4
2023-12-10,2023020424,New York Rangers,Los Angeles Kings,4,1,0.5266940657258711,1,1,True,12,11,0.19999999999999996,-0.6000000000000001
2023-12-10,2023020425,Anaheim Ducks,Winnipeg Jets,2,4,0.465184665038931,0,0,True,13,14,-0.2,-2.8
2023-12-10,2023020426,Seattle Kraken,Minnesota Wild,0,3,0.37936384618845154,0,0,True,13,15,-0.4,-1.7999999999999998
2023-12-10,2023020420,Columbus Blue Jackets,Florida Panthers,2,5,0.2917229060944347,0,0,True,16,14,-0.19999999999999996,-2.2
2023-12-10,2023020421,Edmonton Oilers,New Jersey Devils,4,1,0.6173573604523086,1,1,True,13,13,-0.19999999999999996,0.20000000000000018
2023-12-10,2023020423,Montréal Canadiens,Nashville Predators,1,2,0.4294542067125501,0,0,True,16,14,-0.39999999999999997,-1.4
2023-12-10,2023020427,Vegas Golden Knights,San Jose Sharks,4,4,0.6268346852237472,1,0,False,14,14,-0.4,-0.20000000000000007
2023-12-11,2023020431,Colorado Avalanche,Calgary Flames,6,5,0.5358037902053057,1,1,True,13,15,0.0,1.2
2023-12-11,2023020429,New York Islanders,Toronto Maple Leafs,4,3,0.43361653663343025,0,1,False,14,13,0.2,-0.2
2023-12-11,2023020430,Dallas Stars,Detroit Red Wings,6,3,0.5909081654809921,1,1,True,12,15,0.0,-1.2
2023-12-12,2023020440,Vegas Golden Knights,Calgary Flames,5,4,0.6033831420707763,1,1,True,15,16,-0.2,1.0
2023-12-12,2023020438,Seattle Kraken,Florida Panthers,4,0,0.3623270237869581,0,1,False,14,15,-0.8,-4.0
2023-12-12,2023020436,St. Louis Blues,Detroit Red Wings,4,6,0.6072375803127887,1,0,False,13,16,0.0,-0.19999999999999996
2023-12-12,2023020441,San Jose Sharks,Winnipeg Jets,2,1,0.3711368095568572,0,1,False,15,15,0.19999999999999996,0.2
2023-12-12,2023020439,Vancouver Canucks,Tampa Bay Lightning,4,1,0.46232219457736606,0,1,False,16,16,0.39999999999999997,2.6
2023-12-12,2023020433,Ottawa Senators,Carolina Hurricanes,1,4,0.36779368078390806,0,0,True,12,15,0.19999999999999996,0.0
2023-12-12,2023020435,Nashville Predators,Philadelphia Flyers,3,2,0.4320334808709567,0,1,False,15,14,0.19999999999999996,-0.8
2023-12-12,2023020432,New York Rangers,Toronto Maple Leafs,3,7,0.6968222779108755,1,0,False,13,14,0.39999999999999997,-0.6000000000000001
2023-12-12,2023020437,Edmonton Oilers,Chicago Blackhawks,4,1,0.6270800413249779,1,1,True,14,12,0.4,3.6
2023-12-13,2023020442,Montréal Canadiens,Pittsburgh Penguins,3,3,0.45517156177128015,0,0,True,17,17,-0.39999999999999997,-1.7999999999999998
2023-12-13,2023020446,Los Angeles Kings,Winnipeg Jets,2,5,0.6492510268322369,1,0,False,12,16,0.0,0.2
2023-12-13,2023020445,Colorado Avalanche,Buffalo Sabres,5,1,0.5444350350256562,1,1,True,14,14,0.0,-0.4
2023-12-13,2023020444,New York Islanders,Anaheim Ducks,4,3,0.3959045274313913,0,1,False,15,14,0.6,3.8
2023-12-13,2023020443,New Jersey Devils,Boston Bruins,2,1,0.5947918276699378,1,1,True,14,11,0.20000000000000007,0.7999999999999999
2023-12-14,2023020453,Seattle Kraken,Chicago Blackhawks,7,1,0.5128271953403767,1,1,True,15,13,-0.2,0.6000000000000001
2023-12-14,2023020451,St. Louis Blues,Ottawa Senators,4,2,0.453492956992309,0,1,False,14,13,-0.2,-0.3999999999999999
2023-12-21,2023020499,Columbus Blue Jackets,Washington Capitals,2,3,0.41965707701504945,0,0,True,18,15,-0.4,-2.4
2023-12-21,2023020505,Dallas Stars,Vancouver Canucks,4,3,0.48893373822746267,0,1,False,13,17,-0.19999999999999996,-1.2000000000000002
2023-12-21,2023020508,Anaheim Ducks,Calgary Flames,0,3,0.4750997862292063,0,0,True,15,18,-0.2,-1.7999999999999998
2023-12-21,2023020501,New Jersey Devils,Edmonton Oilers,3,6,0.4172367417551825,0,0,True,15,16,0.20000000000000007,-0.4
2023-12-21,2023020506,Minnesota Wild,Montréal Canadiens,4,3,0.5176797289572425,1,1,True,16,18,0.6,3.0
2023-12-21,2023020502,Philadelphia Flyers,Nashville Predators,2,4,0.5542736141451107,1,0,False,15,16,-0.39999999999999997,0.19999999999999996
2023-12-22,2023020513,Chicago Blackhawks,Montréal Canadiens,2,5,0.611172946987239,1,0,False,14,19,0.4,-0.40000000000000013
2023-12-22,2023020511,New York Rangers,Edmonton Oilers,3,4,0.49656457768879936,0,0,True,14,17,-0.4,-3.0
2023-12-22,2023020510,Detroit Red Wings,Philadelphia Flyers,6,6,0.5421765229274846,1,0,False,17,16,0.2,0.20000000000000007
2023-12-22,2023020512,Winnipeg Jets,Boston Bruins,5,1,0.5357986576659609,1,1,True,17,12,0.19999999999999996,1.2000000000000002
2023-12-23,2023020524,St. Louis Blues,Chicago Blackhawks,7,5,0.5897781074565805,1,1,True,15,15,0.2,1.7999999999999998
2023-12-23,2023020514,Florida Panthers,Vegas Golden Knights,4,2,0.6960845371180084,1,1,True,18,17,0.0,-2.2
2023-12-23,2023020516,Carolina Hurricanes,New York Islanders,4,5,0.5979825790238454,1,0,False,16,16,-0.4,0.0
2023-12-23,2023020526,Los Angeles Kings,Calgary Flames,5,3,0.5568891441793506,1,1,True,13,19,0.0,-0.6000000000000001
2023-12-23,2023020522,New York Rangers,Buffalo Sabres,4,3,0.4642046181596424,0,1,False,15,16,-0.19999999999999996,-2.4
2023-12-23,2023020521,Washington Capitals,Tampa Bay Lightning,1,1,0.4212594698923339,0,0,True,16,17,0.8,3.8
2023-12-23,2023020520,Ottawa Senators,Pittsburgh Penguins,5,4,0.5322446075525561,1,1,True,14,19,-0.2,-2.0
2023-12-23,2023020518,Minnesota Wild,Boston Bruins,3,2,0.5538119912350745,1,1,True,17,13,0.4,2.6
2023-12-23,2023020519,New Jersey Devils,Detroit Red Wings,3,2,0.6885609945490458,1,1,True,16,18,0.39999999999999997,0.7999999999999999
2023-12-23,2023020527,Vancouver Canucks,San Jose Sharks,7,4,0.6909268280870502,1,1,True,18,16,0.0,0.4
2023-12-23,2023020517,Columbus Blue Jackets,Toronto Maple Leafs,1,4,0.3506727337327231,0,0,True,19,15,0.0,-2.2
2023-12-23,2023020515,Nashville Predators,Dallas Stars,2,3,0.39691256150149873,0,0,True,17,14,0.20000000000000007,0.8
2023-12-23,2023020523,Anaheim Ducks,Seattle Kraken,2,3,0.4239514338974341,0,0,True,16,16,-0.4,-2.8
2023-12-27,2023020540,Anaheim Ducks,Vegas Golden Knights,5,2,0.5157966390001515,1,1,True,17,18,-0.4,-2.2
2023-12-27,2023020535,Nashville Predators,Carolina Hurricanes,2,5,0.3602185929133495,0,0,True,18,17,0.39999999999999997,0.0
2023-12-27,2023020539,Calgary Flames,Seattle Kraken,1,2,0.5727489650125916,1,0,False,20,17,-0.39999999999999997,-1.5999999999999999
2023-12-27,2023020533,New York Islanders,Pittsburgh Penguins,0,7,0.45983755428507,0,0,True,17,20,0.8,1.2
2023-12-27,2023020532,Buffalo Sabres,Boston Bruins,1,4,0.48839512815789465,0,0,True,17,14,0.0,1.0
2023-12-27,2023020531,Toronto Maple Leafs,Ottawa Senators,2,4,0.5102717717302389,1,0,False,16,15,0.19999999999999996,3.0
2023-12-27,2023020541,Los Angeles Kings,San Jose Sharks,5,1,0.6901895718101808,1,1,True,14,17,-0.2,-0.3999999999999999
2023-12-27,2023020530,Tampa Bay Lightning,Florida Panthers,2,3,0.37216504778569387,0,0,True,18,19,-0.2,-0.40000000000000013
2023-12-27,2023020536,St. Louis Blues,Dallas Stars,2,1,0.4835836624845634,0,1,False,16,15,-0.19999999999999996,-0.39999999999999997
2023-12-27,2023020534,Minnesota Wild,Detroit Red Wings,6,3,0.4767255437934516,0,1,False,18,19,0.6000000000000001,3.0
2023-12-27,2023020528,New Jersey Devils,Columbus Blue Jackets,4,3,0.7422818494711622,1,1,True,17,20,0.19999999999999996,0.19999999999999996
2023-12-27,2023020538,Chicago Blackhawks,Winnipeg Jets,2,1,0.4059344799044355,0,1,False,16,18,-0.8,-5.2
2023-12-27,2023020529,New York Rangers,Washington Capitals,5,1,0.6249025133286819,1,1,True,16,17,-0.4,-2.6
2023-12-28,2023020543,Vancouver Canucks,Philadelphia Flyers,1,4,0.5344381407802051,1,0,False,19,17,0.39999999999999997,0.8
2023-12-28,2023020542,Carolina Hurricanes,Montréal Canadiens,5,3,0.43888812622766954,0,1,False,18,20,0.2,0.39999999999999997
2023-12-28,2023020545,San Jose Sharks,Edmonton Oilers,0,5,0.15950792818899875,0,0,True,18,18,-0.4,-2.4
2023-12-28,2023020544,Vegas Golden Knights,Los Angeles Kings,3,2,0.4471784228159269,0,1,False,19,15,-0.2,-0.8
2023-12-29,2023020549,Ottawa Senators,New Jersey Devils,2,6,0.4406307105112754,0,0,True,16,18,0.0,1.0
2023-12-29,2023020548,Florida Panthers,New York Rangers,4,3,0.5933930270238202,1,1,True,20,17,-0.19999999999999996,-2.2
2023-12-29,2023020551,Dallas Stars,Chicago Blackhawks,5,4,0.7191513087594736,1,1,True,16,17,0.39999999999999997,2.4
2024-01-05,2023020603,Washington Capitals,Carolina Hurricanes,2,6,0.3555168703831539,0,0,True,18,19,0.0,-0.6
2024-01-05,2023020604,Anaheim Ducks,Winnipeg Jets,1,3,0.41009645194563515,0,0,True,18,19,-0.39999999999999997,-2.2
2024-01-05,2023020602,New Jersey Devils,Chicago Blackhawks,4,2,0.7386003677810542,1,1,True,19,18,0.6000000000000001,3.0
2024-01-06,2023020609,Columbus Blue Jackets,Minnesota Wild,3,4,0.40739449069380906,0,0,True,21,19,-0.6000000000000001,-2.8
2024-01-06,2023020616,Vegas Golden Knights,New York Islanders,5,2,0.5433090371659198,1,1,True,20,18,-0.4,-0.20000000000000007
2024-01-06,2023020611,New Jersey Devils,Vancouver Canucks,4,6,0.4444132804540358,0,0,True,20,20,0.20000000000000007,0.4
2024-01-06,2023020605,Philadelphia Flyers,Calgary Flames,3,2,0.4954807322582421,0,1,False,19,21,0.0,0.2
2024-01-06,2023020607,Boston Bruins,Tampa Bay Lightning,7,3,0.5030479297277661,1,1,True,15,19,0.2,1.2
2024-01-06,2023020606,Colorado Avalanche,Florida Panthers,4,8,0.42381958460887054,0,0,True,18,21,0.20000000000000007,2.4
2024-01-06,2023020612,Pittsburgh Penguins,Buffalo Sabres,1,3,0.5493434813317746,1,0,False,21,18,0.0,1.4000000000000001
2024-01-06,2023020610,Montréal Canadiens,New York Rangers,3,3,0.41831039400501613,0,0,True,21,18,-0.2,0.0
2024-01-06,2023020608,Carolina Hurricanes,St. Louis Blues,1,1,0.5186319754300149,1,0,False,20,18,0.20000000000000007,1.8000000000000003
2024-01-06,2023020613,San Jose Sharks,Toronto Maple Leafs,1,4,0.3588019353339526,0,0,True,19,18,-0.2,-2.8000000000000003
2024-01-06,2023020615,Edmonton Oilers,Ottawa Senators,3,1,0.618250226462249,1,1,True,19,17,0.4,3.0
2024-01-06,2023020614,Dallas Stars,Nashville Predators,3,4,0.6333082310253753,1,0,False,17,19,0.20000000000000007,1.0
2024-01-07,2023020620,Anaheim Ducks,Detroit Red Wings,2,3,0.5243580258347595,1,0,False,19,22,0.0,-0.20000000000000007
2024-01-07,2023020618,Washington Capitals,Los Angeles Kings,4,3,0.3973484746829154,0,1,False,19,16,0.0,-0.8
2024-01-07,2023020617,Chicago Blackhawks,Calgary Flames,4,3,0.43904443548757405,0,1,False,19,22,0.0,-1.2
2024-01-08,2023020621,New York Rangers,Vancouver Canucks,3,6,0.48134866243796426,0,0,True,19,21,-0.19999999999999996,-0.20000000000000007
2024-01-08,2023020622,Philadelphia Flyers,Pittsburgh Penguins,1,4,0.5131899978758201,1,0,False,20,22,0.2,-0.4
2024-01-08,2023020623,Minnesota Wild,Dallas Stars,0,4,0.4235424923915857,0,0,True,20,18,0.4,1.6
2024-01-08,2023020624,Colorado Avalanche,Boston Bruins,3,3,0.6077390638860375,1,0,False,19,16,0.19999999999999996,0.6000000000000001
2024-01-09,2023020629,Nashville Predators,Anaheim Ducks,3,5,0.43972559566830544,0,0,True,20,20,0.39999999999999997,0.8
2024-01-09,2023020627,Toronto Maple Leafs,San Jose Sharks,7,1,0.636976295092961,1,1,True,19,20,0.39999999999999997,4.199999999999999
2024-01-09,2023020625,Buffalo Sabres,Seattle Kraken,2,5,0.6071507854079435,1,0,False,19,18,-0.4,-1.8
2024-01-09,2023020626,Tampa Bay Lightning,Los Angeles Kings,3,2,0.38944405150167133,0,1,False,20,17,-0.2,-1.5999999999999999
2024-01-09,2023020628,New York Islanders,Vancouver Canucks,2,5,0.5832361591736663,1,0,False,19,22,0.0,-2.2
2024-01-09,2023020632,Chicago Blackhawks,Edmonton Oilers,1,2,0.19420446365828647,0,0,True,20,20,-0.4,-2.2
2024-01-09,2023020630,St. Louis Blues,Florida Panthers,1,5,0.3542137673274022,0,0,True,19,22,-0.20000000000000007,-0.19999999999999996
2024-01-09,2023020631,Winnipeg Jets,Columbus Blue Jackets,5,0,0.6182449624766265,1,1,True,21,22,0.6000000000000001,3.4
2024-01-09,2023020634,Calgary Flames,Ottawa Senators,6,3,0.5301829351918761,1,1,True,23,18,-0.2,0.6
2024-01-10,2023020637,Colorado Avalanche,Vegas Golden Knights,3,0,0.5748480587621041,1,1,True,20,21,0.0,0.4
2024-01-10,2023020635,Philadelphia Flyers,Montréal Canadiens,2,2,0.5997271983572827,1,0,False,21,22,0.2,0.2
2024-01-10,2023020636,Dallas Stars,Minnesota Wild,7,2,0.5685090592002994,1,1,True,19,21,-0.20000000000000007,0.4
2024-01-11,2023020644,Tampa Bay Lightning,New Jersey Devils,4,3,0.3612965871716045,0,1,False,21,21,-0.6000000000000001,-2.5999999999999996
2024-01-11,2023020641,Florida Panthers,Los Angeles Kings,3,2,0.5348903808682323,1,1,True,23,18,0.6,1.7999999999999998
2024-01-11,2023020645,Washington Capitals,Seattle Kraken,1,4,0.6301417630749843,1,0,False,20,19,-0.6,-4.2
2024-01-11,2023020646,New York Islanders,Toronto Maple Leafs,4,3,0.4170850309630459,0,1,False,20,20,-0.19999999999999996,-4.0
2024-01-11,2023020639,Carolina Hurricanes,Anaheim Ducks,6,3,0.6933498107228813,1,1,True,21,21,0.19999999999999996,1.4000000000000001
2024-01-11,2023020638,Buffalo Sabres,Ottawa Senators,5,3,0.5015126894209562,1,1,True,20,19,0.0,1.4
2024-01-11,2023020642,Montréal Canadiens,San Jose Sharks,2,3,0.4336018796875478,0,0,True,23,21,0.2,4.2
2024-01-11,2023020640,Detroit Red Wings,Edmonton Oilers,2,3,0.3464586230457788,0,0,True,23,21,-0.6,-2.8
2024-01-11,2023020647,St. Louis Blues,New York Rangers,5,2,0.4019162093635501,0,1,False,20,20,0.0,-0.6000000000000001
2024-01-11,2023020643,Pittsburgh Penguins,Vancouver Canucks,3,4,0.3911217173047993,0,0,True,23,23,-0.4,-0.20000000000000018
2024-01-11,2023020650,Vegas Golden Knights,Boston Bruins,2,1,0.40546062772653224,0,1,False,22,18,0.0,-1.8
2024-01-11,2023020648,Winnipeg Jets,Chicago Blackhawks,2,1,0.6068565610671819,1,1,True,22,21,0.4,3.1999999999999997
2024-01-19,2023020705,Chicago Blackhawks,New York Islanders,4,3,0.40121466174909354,0,1,False,22,21,-0.2,1.4000000000000001
2024-01-19,2023020703,Columbus Blue Jackets,New Jersey Devils,1,4,0.39956562616627517,0,0,True,23,22,-0.6,-3.0
2024-01-19,2023020704,Florida Panthers,Minnesota Wild,4,6,0.5255226135028995,1,0,False,24,22,0.4,3.0
2024-01-19,2023020702,Carolina Hurricanes,Detroit Red Wings,4,2,0.7996766570602079,1,1,True,22,24,0.4,2.8
2024-01-20,2023020716,Vegas Golden Knights,Pittsburgh Penguins,3,2,0.5316608204745572,1,1,True,23,24,0.19999999999999996,-1.4
2024-01-20,2023020712,Vancouver Canucks,Toronto Maple Leafs,6,4,0.5178895278643293,1,1,True,25,21,0.6,1.0
2024-01-20,2023020707,Philadelphia Flyers,Colorado Avalanche,4,7,0.5045748743728175,1,0,False,22,21,0.0,0.0
2024-01-20,2023020714,Calgary Flames,Edmonton Oilers,1,3,0.30306430540774637,0,0,True,25,22,-0.6,-1.2
2024-01-20,2023020709,Ottawa Senators,Winnipeg Jets,1,2,0.4046767676273335,0,0,True,20,23,-0.6000000000000001,-4.0
2024-01-20,2023020715,San Jose Sharks,Anaheim Ducks,5,3,0.35313357876477414,0,1,False,22,22,-0.2,-3.1999999999999997
2024-01-20,2023020711,New Jersey Devils,Dallas Stars,2,6,0.35498030386714663,0,0,True,23,20,0.0,-0.40000000000000013
2024-01-20,2023020713,St. Louis Blues,Washington Capitals,3,0,0.46677911346996526,0,1,False,21,21,0.2,1.8
2024-01-20,2023020710,Boston Bruins,Montréal Canadiens,9,4,0.5808123178899522,1,1,True,19,24,0.2,1.0
2024-01-20,2023020717,Los Angeles Kings,New York Rangers,2,1,0.3957110757984415,0,1,False,19,21,0.0,0.6
2024-01-20,2023020706,Buffalo Sabres,Tampa Bay Lightning,1,3,0.633072952683962,1,0,False,22,22,0.19999999999999996,0.8
2024-01-21,2023020723,Seattle Kraken,Toronto Maple Leafs,1,3,0.31333560134654526,0,0,True,20,22,0.6,1.7999999999999998
2024-01-21,2023020721,New York Islanders,Dallas Stars,3,2,0.524094552333128,1,1,True,22,21,-0.6000000000000001,-5.2
2024-01-21,2023020719,Carolina Hurricanes,Minnesota Wild,2,5,0.6706019483134815,1,0,False,23,23,0.20000000000000007,2.8000000000000003
2024-01-21,2023020720,Detroit Red Wings,Tampa Bay Lightning,2,1,0.5382561952091621,1,1,True,25,23,-0.19999999999999996,0.0
2024-01-21,2023020718,Philadelphia Flyers,Ottawa Senators,3,5,0.587140297178326,1,0,False,23,21,0.2,1.4
2024-01-21,2023020722,Anaheim Ducks,New York Rangers,2,5,0.39512802654755136,0,0,True,23,22,0.2,0.40000000000000013
2024-01-22,2023020728,Vancouver Canucks,Chicago Blackhawks,2,0,0.5601649195260829,1,1,True,26,23,0.6,2.4
2024-01-22,2023020724,Boston Bruins,Winnipeg Jets,4,1,0.5086850196091995,1,1,True,20,24,-0.6,-1.2000000000000002
2024-01-22,2023020729,Los Angeles Kings,San Jose Sharks,3,3,0.7157902699871181,1,0,False,20,23,-0.2,1.6
2024-01-22,2023020725,New Jersey Devils,Vegas Golden Knights,6,5,0.5377852809661174,1,1,True,24,24,-0.4,-1.0
2024-01-22,2023020726,Nashville Predators,Florida Panthers,1,4,0.35449303471494437,0,0,True,22,25,-0.6000000000000001,-2.8
2024-01-23,2023020735,Calgary Flames,St. Louis Blues,3,4,0.41128291480797735,0,0,True,26,22,0.0,0.39999999999999997
2024-01-23,2023020738,San Jose Sharks,New York Rangers,3,2,0.1477068859839714,0,1,False,24,23,0.2,-0.3999999999999999
2024-01-23,2023020737,Anaheim Ducks,Buffalo Sabres,4,2,0.3727288532419344,0,1,False,24,23,-0.39999999999999997,-1.7999999999999998
2024-01-23,2023020730,Detroit Red Wings,Dallas Stars,4,5,0.3239277487221258,0,0,True,26,22,-0.19999999999999996,-2.4000000000000004
2024-01-23,2023020733,New York Islanders,Vegas Golden Knights,2,3,0.5342630272863039,1,0,False,23,25,-0.19999999999999996,-1.2
2024-01-23,2023020734,Minnesota Wild,Washington Capitals,5,3,0.4802113658738127,0,1,False,24,22,0.39999999999999997,2.0
2024-01-23,2023020736,Edmonton Oilers,Columbus Blue Jackets,4,1,0.7028710586119936,1,1,True,23,24,1.0,4.800000000000001
2024-01-23,2023020731,Montréal Canadiens,Ottawa Senators,1,4,0.29033734795316524,0,0,True,25,22,-0.2,-0.40000000000000013
2024-01-23,2023020732,Philadelphia Flyers,Tampa Bay Lightning,3,6,0.5749423333701708,1,0,False,24,24,-0.39999999999999997,-1.2
2024-01-24,2023020743,Seattle Kraken,Chicago Blackhawks,6,2,0.48597799974371836,0,1,False,21,24,0.4,1.6
2024-01-24,2023020744,Vancouver Canucks,St. Louis Blues,3,4,0.6645908384031223,1,0,False,27,23,0.4,1.2000000000000002
2024-01-24,2023020745,Los Angeles Kings,Buffalo Sabres,3,5,0.5422016292941751,1,0,False,21,24,-0.2,0.0
2024-01-24,2023020742,Colorado Avalanche,Washington Capitals,6,2,0.6106609951239944,1,1,True,22,23,0.2,2.4000000000000004
2024-01-24,2023020740,Toronto Maple Leafs,Winnipeg Jets,1,0,0.5978906238714541,1,1,True,23,25,-0.20000000000000007,0.0
2024-01-24,2023020741,Boston Bruins,Carolina Hurricanes,2,3,0.27926335784743644,0,0,True,21,24,-0.19999999999999996,0.0
2024-01-25,2023020747,Detroit Red Wings,Philadelphia Flyers,3,0,0.3347806180399999,0,1,False,27,25,0.4,1.8000000000000003
2024-01-25,2023020749,Ottawa Senators,Boston Bruins,2,3,0.5143213373557308,1,0,False,23,22,0.0,-1.2
2024-01-25,2023020752,Minnesota Wild,Nashville Predators,2,3,0.46268973435108135,0,0,True,25,23,0.39999999999999997,1.2000000000000002
2024-02-09,2023020803,Anaheim Ducks,Edmonton Oilers,3,5,0.33566232487527325,0,0,True,25,24,-0.6,-2.6
2024-02-09,2023020802,Chicago Blackhawks,New York Rangers,3,4,0.3309360716363399,0,0,True,26,24,0.0,-0.8
2024-02-09,2023020801,Minnesota Wild,Pittsburgh Penguins,3,2,0.40135772157019034,0,1,False,26,26,0.39999999999999997,1.0
2024-02-10,2023020804,Buffalo Sabres,St. Louis Blues,1,3,0.4811740851147355,0,0,True,25,24,-0.20000000000000007,-0.20000000000000007
2024-02-10,2023020808,Boston Bruins,Washington Capitals,0,3,0.5091934802367262,1,0,False,23,24,0.39999999999999997,3.6
2024-02-10,2023020814,Winnipeg Jets,Pittsburgh Penguins,2,1,0.4448552270920131,0,1,False,26,27,0.39999999999999997,1.2
2024-02-10,2023020809,Florida Panthers,Colorado Avalanche,4,0,0.5341708925759274,1,1,True,27,23,0.20000000000000007,0.8
2024-02-10,2023020812,Ottawa Senators,Toronto Maple Leafs,5,3,0.33850115580146894,0,1,False,24,24,-0.19999999999999996,-1.0
2024-02-10,2023020806,Montréal Canadiens,Dallas Stars,2,3,0.25377538760560603,0,0,True,26,24,-0.8,-3.8
2024-02-10,2023020807,New York Islanders,Calgary Flames,2,5,0.48600633057445486,0,0,True,24,28,0.0,-0.8
2024-02-10,2023020810,Carolina Hurricanes,New Jersey Devils,1,0,0.6463484810084842,1,1,True,25,26,0.19999999999999996,1.0
2024-02-10,2023020813,Philadelphia Flyers,Seattle Kraken,3,2,0.657071906460698,1,1,True,26,22,-0.8,-4.0
2024-02-10,2023020816,Los Angeles Kings,Edmonton Oilers,4,0,0.4080978671167518,0,1,False,22,25,-0.8,-2.4
2024-02-10,2023020805,Detroit Red Wings,Vancouver Canucks,4,3,0.313699164468279,0,1,False,28,28,-0.4,-1.0
2024-02-10,2023020811,Columbus Blue Jackets,Tampa Bay Lightning,2,4,0.495642734275201,0,0,True,25,25,-0.8,-3.8
2024-02-11,2023020817,Montréal Canadiens,St. Louis Blues,2,7,0.39603127695934764,0,0,True,27,25,-1.0,-4.0
2024-02-11,2023020818,Washington Capitals,Vancouver Canucks,2,3,0.3921005521728627,0,0,True,25,29,-0.39999999999999997,-2.4
2024-02-12,2023020819,New Jersey Devils,Seattle Kraken,3,1,0.6074399164192145,1,1,True,27,23,-0.19999999999999996,-1.7999999999999998
2024-02-12,2023020822,Vegas Golden Knights,Minnesota Wild,3,5,0.39309951312772434,0,0,True,26,27,-0.20000000000000007,-1.5999999999999999
2024-02-12,2023020820,New York Rangers,Calgary Flames,2,0,0.5623146648720805,1,1,True,25,29,0.0,-0.4
2024-02-13,2023020828,Washington Capitals,Colorado Avalanche,3,6,0.4410780975605285,0,0,True,26,24,-0.39999999999999997,-2.5999999999999996
2024-02-13,2023020829,New York Islanders,Seattle Kraken,1,1,0.6304832708729362,1,0,False,25,24,0.0,-1.0
2024-02-13,2023020831,Nashville Predators,New Jersey Devils,2,4,0.49755275438010443,0,0,True,25,28,0.0,-0.20000000000000007
2024-02-13,2023020833,Edmonton Oilers,Detroit Red Wings,8,4,0.6455719014320696,1,1,True,26,29,0.20000000000000007,0.4
2024-02-13,2023020832,Chicago Blackhawks,Vancouver Canucks,2,4,0.3047759345717869,0,0,True,27,30,-0.39999999999999997,-2.4
2024-02-13,2023020826,Ottawa Senators,Columbus Blue Jackets,6,3,0.5233354757733656,1,1,True,25,26,0.6,3.8
2024-02-13,2023020830,Dallas Stars,Carolina Hurricanes,4,2,0.3737907870385566,0,1,False,25,26,0.0,0.3999999999999999
2024-02-13,2023020825,Montréal Canadiens,Anaheim Ducks,5,0,0.43206194397411596,0,1,False,28,26,-0.2,-1.4
2024-02-13,2023020824,Buffalo Sabres,Los Angeles Kings,7,0,0.42185688808365346,0,1,False,26,23,0.0,-0.6000000000000001
2024-02-13,2023020827,Toronto Maple Leafs,St. Louis Blues,4,1,0.5860439841008054,1,1,True,25,26,-0.6,-2.8
2024-02-13,2023020823,Boston Bruins,Tampa Bay Lightning,2,2,0.5229796685680129,1,0,False,24,26,-0.20000000000000007,-0.3999999999999999
2024-02-14,2023020835,Winnipeg Jets,San Jose Sharks,1,0,0.7298706817547947,1,1,True,27,25,0.0,0.2
2024-02-14,2023020834,Pittsburgh Penguins,Florida Panthers,2,5,0.47495669420516584,0,0,True,28,28,-0.8,-3.4
2024-02-15,2023020841,Ottawa Senators,Anaheim Ducks,1,5,0.5400642305938105,1,0,False,26,27,0.6000000000000001,3.8
2024-02-15,2023020843,Toronto Maple Leafs,Philadelphia Flyers,4,3,0.543526904464348,1,1,True,26,28,0.19999999999999996,1.4
2024-02-15,2023020848,Vancouver Canucks,Detroit Red Wings,4,1,0.6044069138652979,1,1,True,31,30,0.0,0.6
2024-02-15,2023020839,New Jersey Devils,Los Angeles Kings,1,2,0.4727467892506542,0,0,True,29,24,0.19999999999999996,1.4
2024-02-15,2023020847,Nashville Predators,Dallas Stars,2,9,0.32958018362190217,0,0,True,26,26,-0.4,-1.6
2024-02-15,2023020844,St. Louis Blues,Edmonton Oilers,6,3,0.37590154530172654,0,1,False,27,27,0.0,-0.19999999999999996
2024-02-15,2023020846,Calgary Flames,San Jose Sharks,3,6,0.7149008470198905,1,0,False,30,26,-0.39999999999999997,-1.6
2024-02-15,2023020840,New York Rangers,Montréal Canadiens,7,4,0.530520464323398,1,1,True,26,29,0.39999999999999997,2.6
2024-02-15,2023020837,Boston Bruins,Seattle Kraken,1,4,0.5154316349792998,1,0,False,25,25,0.2,0.2
2024-02-15,2023020842,Tampa Bay Lightning,Colorado Avalanche,6,3,0.38974674055013725,0,1,False,27,25,-0.20000000000000007,-0.6000000000000001
2024-02-15,2023020845,Chicago Blackhawks,Pittsburgh Penguins,1,4,0.41588935579137243,0,0,True,28,29,0.0,-0.5999999999999999
2024-02-15,2023020838,Buffalo Sabres,Florida Panthers,0,4,0.4529506943590457,0,0,True,27,29,-0.4,-1.7999999999999998
2024-02-23,2023020900,Columbus Blue Jackets,Buffalo Sabres,1,2,0.41409253505898036,0,0,True,27,28,-0.4,-3.4000000000000004
2024-02-24,2023020914,San Jose Sharks,Nashville Predators,2,4,0.3373139691729525,0,0,True,27,27,0.19999999999999996,3.0
2024-02-24,2023020907,Carolina Hurricanes,Dallas Stars,1,2,0.5791200701882121,1,0,False,28,27,-0.4,-2.1999999999999997
2024-02-24,2023020908,Colorado Avalanche,Toronto Maple Leafs,3,4,0.3897559755876671,0,0,True,26,27,-0.20000000000000007,-0.4
2024-02-24,2023020912,Edmonton Oilers,Calgary Flames,3,6,0.6206554573753851,1,0,False,29,31,0.2,0.6
2024-02-24,2023020911,Vancouver Canucks,Boston Bruins,3,2,0.4742405523911364,0,1,False,32,26,0.39999999999999997,2.0
2024-02-24,2023020915,Los Angeles Kings,Anaheim Ducks,2,2,0.6276088830655344,1,0,False,25,28,0.0,0.0
2024-02-24,2023020905,Philadelphia Flyers,New York Rangers,1,2,0.5603328970204641,1,0,False,29,27,-0.4,-2.4000000000000004
2024-02-24,2023020910,Ottawa Senators,Vegas Golden Knights,3,3,0.5189337081720246,1,0,False,27,27,0.0,0.6
2024-02-24,2023020909,Detroit Red Wings,St. Louis Blues,6,1,0.45016100935918063,0,1,False,32,28,-0.20000000000000007,-1.2000000000000002
2024-02-24,2023020903,New Jersey Devils,Montréal Canadiens,4,3,0.5378391003828781,1,1,True,30,30,0.2,1.5999999999999999
2024-02-24,2023020913,Seattle Kraken,Minnesota Wild,2,5,0.42638985160563403,0,0,True,26,29,-0.4,-0.3999999999999999
2024-02-24,2023020904,New York Islanders,Tampa Bay Lightning,2,4,0.525832984819913,1,0,False,26,28,-0.39999999999999997,-2.2
2024-02-24,2023020906,Florida Panthers,Washington Capitals,3,2,0.5998297390838089,1,1,True,31,27,0.8,5.800000000000001
2024-02-25,2023020922,Anaheim Ducks,Nashville Predators,2,4,0.3478079156062839,0,0,True,29,28,-0.19999999999999996,0.8
2024-02-25,2023020916,New Jersey Devils,Tampa Bay Lightning,1,4,0.5561837531998614,1,0,False,31,29,-0.20000000000000007,-1.4
2024-02-25,2023020917,Pittsburgh Penguins,Philadelphia Flyers,7,6,0.5263665961982237,1,1,True,30,30,-0.2,-0.6
2024-02-25,2023020920,Chicago Blackhawks,Detroit Red Wings,2,3,0.41084932297112425,0,0,True,30,33,-0.6,-2.8
2024-02-25,2023020918,Buffalo Sabres,Carolina Hurricanes,2,2,0.42343779314071006,0,0,True,29,29,0.0,0.20000000000000007
2024-02-25,2023020919,Columbus Blue Jackets,New York Rangers,4,2,0.5191078185315798,1,1,True,28,28,-0.8,-3.5999999999999996
2024-02-26,2023020926,Seattle Kraken,Boston Bruins,3,3,0.4478671791682928,0,0,True,27,27,0.0,0.6
2024-02-26,2023020923,Washington Capitals,Ottawa Senators,6,3,0.3939612686449686,0,1,False,28,28,-0.2,-1.2
2024-02-26,2023020924,Dallas Stars,New York Islanders,2,3,0.5866332840361305,1,0,False,28,27,0.8,3.4
2024-02-26,2023020925,Edmonton Oilers,Los Angeles Kings,4,2,0.5835737501846022,1,1,True,30,26,-0.2,-0.8
2024-02-27,2023020930,Philadelphia Flyers,Tampa Bay Lightning,6,2,0.5284074446449556,1,1,True,31,30,-0.4,-2.0
2024-02-27,2023020933,Nashville Predators,Ottawa Senators,4,1,0.4760639804960642,0,1,False,29,29,0.19999999999999996,-0.4
2024-02-27,2023020935,Calgary Flames,Los Angeles Kings,4,2,0.39779676021786603,0,1,False,32,27,0.0,0.4
2024-02-27,2023020931,Toronto Maple Leafs,Vegas Golden Knights,2,6,0.6033273198072843,1,0,False,28,28,0.4,1.0
2024-02-27,2023020934,Winnipeg Jets,St. Louis Blues,4,2,0.48341811455523515,0,1,False,29,29,0.0,-0.6000000000000001
2024-02-27,2023020938,San Jose Sharks,New Jersey Devils,2,7,0.18728435913749236,0,0,True,28,32,-0.19999999999999996,0.0
2024-02-27,2023020937,Vancouver Canucks,Pittsburgh Penguins,3,4,0.49654376986107823,0,0,True,33,31,0.4,1.4
2024-02-27,2023020927,Detroit Red Wings,Washington Capitals,8,3,0.6082698574221419,1,1,True,34,29,0.19999999999999996,0.6000000000000001
2024-02-27,2023020936,Colorado Avalanche,Dallas Stars,5,1,0.5238788197908357,1,1,True,27,29,-0.4,-2.2
2024-02-27,2023020928,Florida Panthers,Buffalo Sabres,3,2,0.5132382580382282,1,1,True,32,30,0.6,3.4
2024-02-27,2023020932,Minnesota Wild,Carolina Hurricanes,2,3,0.28308077560949507,0,0,True,30,30,0.4,0.9999999999999999
2024-02-28,2023020940,Edmonton Oilers,St. Louis Blues,3,2,0.7025291321515351,1,1,True,31,30,0.0,0.0
2024-02-28,2023020939,New York Rangers,Columbus Blue Jackets,4,1,0.5482183458964675,1,1,True,29,29,0.6000000000000001,2.4
2024-02-29,2023020951,Vancouver Canucks,Los Angeles Kings,1,5,0.40337492959129556,0,0,True,34,28,0.6000000000000001,3.2
2024-02-29,2023020950,Seattle Kraken,Pittsburgh Penguins,2,0,0.3607108294217244,0,1,False,28,32,-0.39999999999999997,-0.6000000000000001
2024-02-29,2023020945,Tampa Bay Lightning,Buffalo Sabres,2,3,0.4835328573123599,0,0,True,31,31,0.19999999999999996,0.20000000000000007
2024-02-29,2023020943,Detroit Red Wings,New York Islanders,3,5,0.41721949804985775,0,0,True,35,28,0.6000000000000001,3.6
2024-02-29,2023020952,San Jose Sharks,Anaheim Ducks,4,6,0.32536587184308013,0,0,True,29,30,0.2,0.19999999999999996
2024-02-29,2023020944,Florida Panthers,Montréal Canadiens,3,3,0.6847227031962027,1,0,False,33,32,0.6,3.6
2024-02-29,2023020947,Dallas Stars,Winnipeg Jets,4,1,0.6059435645177388,1,1,True,30,30,-0.20000000000000007,0.19999999999999996
2024-02-29,2023020941,Boston Bruins,Vegas Golden Knights,5,4,0.5495744790724737,1,1,True,28,29,-0.4,-1.7999999999999998
2024-03-07,2023020995,Columbus Blue Jackets,Edmonton Oilers,4,2,0.23414307238804408,0,1,False,31,32,-0.2,-0.3999999999999999
2024-03-08,2023021008,Seattle Kraken,Winnipeg Jets,0,3,0.39019889340977176,0,0,True,29,31,-0.4,0.0
2024-03-08,2023021006,Colorado Avalanche,Minnesota Wild,2,1,0.5204831528418082,1,1,True,28,32,-0.19999999999999996,-0.4
2024-03-08,2023021007,Anaheim Ducks,Dallas Stars,2,6,0.2775976176541368,0,0,True,31,31,-0.19999999999999996,-1.4
2024-03-09,2023021017,Washington Capitals,Chicago Blackhawks,4,1,0.5626539024360311,1,1,True,30,32,0.2,1.0
2024-03-09,2023021018,New York Rangers,St. Louis Blues,4,0,0.44296913426440543,0,1,False,30,31,0.6000000000000001,3.0
2024-03-09,2023021019,Vancouver Canucks,Winnipeg Jets,5,0,0.5615208494142375,1,1,True,35,32,-0.20000000000000007,-0.6000000000000001
2024-03-09,2023021009,Buffalo Sabres,Edmonton Oilers,2,2,0.34877560574257593,0,0,True,32,33,0.0,0.20000000000000007
2024-03-09,2023021016,Tampa Bay Lightning,Philadelphia Flyers,7,0,0.4491627889512668,0,1,False,32,32,0.19999999999999996,0.0
2024-03-09,2023021021,Los Angeles Kings,Dallas Stars,1,4,0.46789296048557616,0,0,True,29,32,-0.19999999999999996,-0.39999999999999997
2024-03-09,2023021012,Boston Bruins,Pittsburgh Penguins,5,1,0.44379267723384125,0,1,False,29,34,-0.39999999999999997,0.0
2024-03-09,2023021010,Columbus Blue Jackets,Nashville Predators,1,2,0.39283934336341375,0,0,True,32,30,-0.19999999999999996,0.0
2024-03-09,2023021011,New Jersey Devils,Carolina Hurricanes,2,4,0.38594845954804946,0,0,True,33,32,0.0,-0.5999999999999999
2024-03-09,2023021020,Vegas Golden Knights,Detroit Red Wings,5,3,0.48798594366416914,0,1,False,30,37,-0.19999999999999996,-0.6
2024-03-09,2023021013,Florida Panthers,Calgary Flames,5,1,0.6745014485497384,1,1,True,34,34,0.20000000000000007,2.0
2024-03-09,2023021015,San Jose Sharks,Ottawa Senators,2,1,0.2991125654480127,0,1,False,31,31,0.2,0.0
2024-03-09,2023021014,Montréal Canadiens,Toronto Maple Leafs,2,3,0.25600072089387393,0,0,True,33,31,-0.19999999999999996,1.2
2024-03-10,2023021024,Carolina Hurricanes,Calgary Flames,7,2,0.5589529718658592,1,1,True,33,35,0.0,0.8
2024-03-10,2023021023,Minnesota Wild,Nashville Predators,4,3,0.5068948464021603,1,1,True,33,31,-0.4,-0.6000000000000001
2024-03-10,2023021026,Anaheim Ducks,New York Islanders,1,6,0.4505450104107438,0,0,True,32,29,0.0,0.4
2024-03-10,2023021022,Pittsburgh Penguins,Edmonton Oilers,0,4,0.4065385271122405,0,0,True,35,34,0.0,-1.6
2024-03-11,2023021027,Boston Bruins,St. Louis Blues,1,5,0.5019156634629166,1,0,False,30,32,0.2,2.0
2024-03-11,2023021029,Winnipeg Jets,Washington Capitals,3,0,0.5871897418641508,1,1,True,33,31,0.19999999999999996,0.19999999999999996
2024-03-11,2023021030,Los Angeles Kings,New York Islanders,3,0,0.6457286689577789,1,1,True,30,30,-0.39999999999999997,-1.7999999999999998
2024-03-11,2023021028,New York Rangers,New Jersey Devils,3,1,0.45272034041289244,0,1,False,31,34,0.4,1.8
2024-03-12,2023021034,Ottawa Senators,Pittsburgh Penguins,2,1,0.40962899775779277,0,1,False,32,36,-0.2,1.4
2024-03-12,2023021036,Dallas Stars,Florida Panthers,3,4,0.43063843316987366,0,0,True,33,35,-0.20000000000000007,-1.6
2024-03-12,2023021035,Philadelphia Flyers,San Jose Sharks,3,2,0.6077276249467181,1,1,True,33,32,0.0,1.4000000000000001
2024-03-12,2023021031,Buffalo Sabres,Detroit Red Wings,7,3,0.3288592924945266,0,1,False,33,38,0.0,0.6000000000000001
2024-03-12,2023021038,Chicago Blackhawks,Anaheim Ducks,7,2,0.4570375408120012,0,1,False,34,33,0.0,0.40000000000000013
2024-03-12,2023021032,Carolina Hurricanes,New York Rangers,0,1,0.6601543581538112,1,0,False,34,32,0.0,0.6000000000000001
2024-03-12,2023021033,Montréal Canadiens,Columbus Blue Jackets,3,0,0.47578169443260443,0,1,False,34,33,-0.2,-0.19999999999999996
2024-03-12,2023021039,Calgary Flames,Colorado Avalanche,2,6,0.400906205125915,0,0,True,36,29,0.0,-1.0
2024-03-12,2023021040,Seattle Kraken,Vegas Golden Knights,4,5,0.4312523332550413,0,0,True,30,31,0.0,-0.8
2024-03-13,2023021041,St. Louis Blues,Los Angeles Kings,3,1,0.4532479426722243,0,1,False,33,31,-0.2,-1.6
2024-03-13,2023021044,Vancouver Canucks,Colorado Avalanche,3,4,0.6082612236300556,1,0,False,36,30,0.0,-0.19999999999999996
2024-03-13,2023021043,Edmonton Oilers,Washington Capitals,7,2,0.6407723140799085,1,1,True,35,32,0.19999999999999996,1.6
2024-03-13,2023021042,Winnipeg Jets,Nashville Predators,2,4,0.45879982474997566,0,0,True,34,32,-0.20000000000000007,-1.4
2024-03-14,2023021050,Philadelphia Flyers,Toronto Maple Leafs,2,6,0.4734355970133398,0,0,True,34,32,-0.19999999999999996,-0.20000000000000007
2024-03-14,2023021056,Seattle Kraken,Washington Capitals,1,2,0.5615453249687598,1,0,False,31,33,-0.2,0.3999999999999999
2024-03-21,2023021106,Vancouver Canucks,Montréal Canadiens,4,1,0.6945570484673785,1,1,True,37,35,0.0,-0.6
2024-03-21,2023021102,New Jersey Devils,Winnipeg Jets,4,1,0.3996220283617597,0,1,False,36,35,0.0,1.2000000000000002
2024-03-21,2023021108,San Jose Sharks,Tampa Bay Lightning,1,4,0.33271657358245166,0,0,True,33,33,-0.39999999999999997,-3.8
2024-03-21,2023021100,Detroit Red Wings,New York Islanders,6,3,0.4386635840274686,0,1,False,39,31,-0.39999999999999997,-2.0
2024-03-21,2023021104,Edmonton Oilers,Buffalo Sabres,8,3,0.586874249964662,1,1,True,36,35,0.0,0.0
2024-03-21,2023021101,Florida Panthers,Nashville Predators,0,3,0.6335080975446383,1,0,False,36,33,0.0,0.0
2024-03-22,2023021109,Washington Capitals,Carolina Hurricanes,6,6,0.4116742071627499,0,0,True,34,36,-0.4,-3.8
2024-03-22,2023021111,Colorado Avalanche,Columbus Blue Jackets,6,1,0.6994754090355412,1,1,True,31,34,0.6000000000000001,3.2
2024-03-22,2023021110,Dallas Stars,Pittsburgh Penguins,4,2,0.5382646812768848,1,1,True,34,38,0.39999999999999997,3.4
2024-03-23,2023021114,Philadelphia Flyers,Boston Bruins,3,2,0.5009212092577354,1,1,True,35,32,-0.19999999999999996,-1.7999999999999998
2024-03-23,2023021118,Toronto Maple Leafs,Edmonton Oilers,6,3,0.4674121091025269,0,1,False,33,37,0.0,-2.4
2024-03-23,2023021113,New York Islanders,Winnipeg Jets,6,3,0.5240528792133778,1,1,True,32,36,0.19999999999999996,1.2000000000000002
2024-03-23,2023021121,Los Angeles Kings,Tampa Bay Lightning,4,3,0.49233587735275686,0,1,False,32,34,-0.19999999999999996,-1.6
2024-03-23,2023021120,Vancouver Canucks,Calgary Flames,4,2,0.5694417276160605,1,1,True,38,38,0.0,1.7999999999999998
2024-03-23,2023021117,New Jersey Devils,Ottawa Senators,2,5,0.4866262331553247,0,0,True,37,34,0.39999999999999997,2.4000000000000004
2024-03-23,2023021115,Minnesota Wild,St. Louis Blues,4,5,0.5370071328990493,1,0,False,35,35,-0.19999999999999996,-1.4
2024-03-23,2023021119,New York Rangers,Florida Panthers,3,3,0.4233863093967899,0,0,True,35,37,0.20000000000000007,0.7999999999999999
2024-03-23,2023021116,Nashville Predators,Detroit Red Wings,1,0,0.5046997538362943,1,1,True,34,40,0.6000000000000001,3.4000000000000004
2024-03-23,2023021122,San Jose Sharks,Chicago Blackhawks,4,5,0.40354364585291275,0,0,True,34,36,-0.2,-1.2
2024-03-23,2023021123,Vegas Golden Knights,Columbus Blue Jackets,4,2,0.6824160257946742,1,1,True,32,35,0.39999999999999997,3.0
2024-03-24,2023021133,Seattle Kraken,Montréal Canadiens,1,5,0.5317428264974762,1,0,False,33,36,-0.2,-1.0
2024-03-24,2023021131,Anaheim Ducks,Tampa Bay Lightning,2,3,0.5318230279053076,1,0,False,35,35,-0.2,-3.5999999999999996
2024-03-24,2023021126,New York Islanders,New Jersey Devils,0,4,0.4596557121324494,0,0,True,33,38,0.19999999999999996,0.8
2024-03-24,2023021125,Colorado Avalanche,Pittsburgh Penguins,5,4,0.5760558934816377,1,1,True,32,39,0.8,4.6
2024-03-24,2023021127,Carolina Hurricanes,Toronto Maple Leafs,2,1,0.6379831002797404,1,1,True,37,34,-0.20000000000000007,0.0
2024-03-24,2023021129,Philadelphia Flyers,Florida Panthers,1,4,0.4486285245835355,0,0,True,36,38,0.19999999999999996,-1.4
2024-03-24,2023021128,Ottawa Senators,Edmonton Oilers,5,3,0.34432606414995226,0,1,False,35,38,-0.19999999999999996,-1.8000000000000003
2024-03-24,2023021132,Calgary Flames,Buffalo Sabres,1,4,0.31237985983923383,0,0,True,39,36,-0.39999999999999997,-3.2
2024-03-24,2023021124,Washington Capitals,Winnipeg Jets,3,0,0.5043646533676887,1,1,True,35,37,0.2,1.2
2024-03-25,2023021134,St. Louis Blues,Vegas Golden Knights,1,2,0.3870549012934541,0,0,True,36,33,0.0,-0.40000000000000013
2024-03-25,2023021135,Vancouver Canucks,Los Angeles Kings,2,3,0.5352010992899745,1,0,False,39,33,0.0,0.4
2024-03-26,2023021144,Colorado Avalanche,Montréal Canadiens,1,2,0.7382223529360314,1,0,False,33,37,0.6,1.7999999999999998
2024-03-26,2023021136,Florida Panthers,Boston Bruins,3,4,0.5077311504678776,1,0,False,39,33,0.0,0.8
2024-03-26,2023021147,San Jose Sharks,Dallas Stars,3,6,0.22792084584373015,0,0,True,35,36,-0.6000000000000001,-3.8
2024-03-26,2023021143,Chicago Blackhawks,Calgary Flames,3,1,0.34843465668528256,0,1,False,37,40,0.39999999999999997,2.6
2024-03-26,2023021140,Washington Capitals,Detroit Red Wings,4,3,0.42086938913608735,0,1,False,36,41,0.2,0.8
2024-03-26,2023021142,Winnipeg Jets,Edmonton Oilers,3,4,0.3080507349917141,0,0,True,38,39,-0.39999999999999997,-3.4000000000000004
2024-03-26,2023021137,New York Rangers,Philadelphia Flyers,6,5,0.3234590946236127,0,1,False,36,37,0.19999999999999996,3.0
2024-03-26,2023021141,Nashville Predators,Vegas Golden Knights,5,4,0.49412830399894625,0,1,False,35,34,0.0,0.19999999999999996
2024-03-26,2023021146,Seattle Kraken,Anaheim Ducks,4,0,0.5678002541047795,1,1,True,34,36,0.0,1.4
2024-03-26,2023021138,Pittsburgh Penguins,Carolina Hurricanes,4,1,0.3836564710883559,0,1,False,40,38,-0.39999999999999997,-2.2
2024-03-26,2023021139,Toronto Maple Leafs,New Jersey Devils,3,6,0.4593969238118511,0,0,True,35,39,0.0,-0.3999999999999999
2024-03-27,2023021149,Tampa Bay Lightning,Boston Bruins,3,1,0.5359664878267865,1,1,True,36,34,0.0,1.6
2024-03-27,2023021148,Buffalo Sabres,Ottawa Senators,2,6,0.34185006224077236,0,0,True,37,36,0.0,0.19999999999999996
2024-04-04,2023021203,Columbus Blue Jackets,New York Islanders,2,4,0.2946231375497107,0,0,True,37,34,-0.4,-2.6
2024-04-04,2023021205,Ottawa Senators,Florida Panthers,0,6,0.3360915581519256,0,0,True,37,40,0.4,2.0
2024-04-04,2023021202,Carolina Hurricanes,Boston Bruins,1,4,0.5291548374617493,1,0,False,39,35,0.0,0.6
2024-04-04,2023021210,San Jose Sharks,Los Angeles Kings,1,2,0.27791042489395873,0,0,True,36,35,-0.39999999999999997,-1.4
2024-04-04,2023021204,Montréal Canadiens,Tampa Bay Lightning,4,7,0.358633250563236,0,0,True,38,37,-0.20000000000000007,-1.5999999999999999
2024-04-04,2023021209,Winnipeg Jets,Calgary Flames,5,2,0.40745358480801747,0,1,False,39,41,-0.2,-0.7999999999999998
2024-04-04,2023021207,Minnesota Wild,Colorado Avalanche,2,5,0.36471457098747273,0,0,True,36,34,-0.4,-2.6
2024-04-04,2023021208,Nashville Predators,St. Louis Blues,6,3,0.5399256339949609,1,1,True,36,37,0.0,-0.6000000000000001
2024-04-04,2023021206,Washington Capitals,Pittsburgh Penguins,1,4,0.4154018439392399,0,0,True,37,42,0.0,-0.8
2024-04-05,2023021215,Anaheim Ducks,Seattle Kraken,1,3,0.3416031530738857,0,0,True,37,36,-0.2,-2.4
2024-04-05,2023021211,Buffalo Sabres,Philadelphia Flyers,4,2,0.3739819593144773,0,1,False,38,38,0.19999999999999996,1.6
2024-04-05,2023021213,Detroit Red Wings,New York Rangers,3,4,0.44309050973334235,0,0,True,42,37,-0.39999999999999997,-1.4
2024-04-05,2023021214,Edmonton Oilers,Colorado Avalanche,6,2,0.6566917937367762,1,1,True,40,35,-0.20000000000000007,-0.6000000000000001
2024-04-05,2023021212,Carolina Hurricanes,Washington Capitals,4,2,0.585775056139499,1,1,True,40,38,-0.19999999999999996,-1.2000000000000002
2024-04-06,2023021223,Montréal Canadiens,Toronto Maple Leafs,2,4,0.3118342405263019,0,0,True,39,36,0.0,-0.4
2024-04-06,2023021225,New York Islanders,Nashville Predators,2,0,0.5807807208122057,1,1,True,35,37,-0.6,-3.0
2024-04-06,2023021222,Columbus Blue Jackets,Philadelphia Flyers,6,2,0.31422010623375085,0,1,False,38,39,-0.2,-1.4000000000000001
2024-04-06,2023021220,Chicago Blackhawks,Dallas Stars,3,2,0.2331357333940698,0,1,False,38,37,0.0,-0.40000000000000013
2024-04-06,2023021219,Minnesota Wild,Winnipeg Jets,2,4,0.4750057842803677,0,0,True,37,40,0.2,1.2
2024-04-06,2023021226,Calgary Flames,Edmonton Oilers,2,4,0.32169774883100605,0,0,True,42,41,-0.39999999999999997,-2.4
2024-04-06,2023021221,San Jose Sharks,St. Louis Blues,3,2,0.34221378530322155,0,1,False,37,38,-0.6,-2.2
2024-04-06,2023021217,Pittsburgh Penguins,Tampa Bay Lightning,5,4,0.4198348382797842,0,1,False,43,38,-0.20000000000000007,-0.8
2024-04-06,2023021224,Ottawa Senators,New Jersey Devils,3,4,0.4971669056856311,0,0,True,38,40,-0.20000000000000007,-1.6
2024-04-06,2023021227,Los Angeles Kings,Vancouver Canucks,6,3,0.4205481914087851,0,1,False,36,41,0.0,-1.2000000000000002
2024-04-06,2023021218,Boston Bruins,Florida Panthers,3,2,0.38086286692756255,0,1,False,36,41,0.19999999999999996,-0.6
2024-04-07,2023021233,New Jersey Devils,Nashville Predators,2,2,0.47439052995590025,0,0,True,41,38,0.0,0.40000000000000013
2024-04-07,2023021228,Detroit Red Wings,Buffalo Sabres,3,1,0.5347711290418283,1,1,True,43,39,-0.39999999999999997,-0.8
2024-04-07,2023021235,Anaheim Ducks,St. Louis Blues,5,5,0.47432203354622515,0,0,True,38,39,-0.4,-2.5999999999999996
2024-04-07,2023021234,New York Rangers,Montréal Canadiens,5,2,0.6450304498714788,1,1,True,38,40,0.19999999999999996,1.0
2024-04-07,2023021229,Chicago Blackhawks,Minnesota Wild,0,4,0.29110306080296416,0,0,True,39,38,0.4,1.4
2024-04-07,2023021232,Washington Capitals,Ottawa Senators,2,3,0.4681024093745528,0,0,True,39,39,-0.19999999999999996,-0.6000000000000001
2024-04-07,2023021230,Carolina Hurricanes,Columbus Blue Jackets,3,0,0.833143194035136,1,1,True,41,39,0.2,1.2000000000000002
2024-04-07,2023021236,Colorado Avalanche,Dallas Stars,4,7,0.39159498486672784,0,0,True,36,38,0.0,-0.19999999999999996
2024-04-08,2023021238,Vancouver Canucks,Vegas Golden Knights,4,3,0.5002183174853598,1,1,True,42,36,0.0,0.4
2024-04-08,2023021237,Toronto Maple Leafs,Pittsburgh Penguins,3,2,0.5614832345136267,1,1,True,37,44,-0.20000000000000007,-0.3999999999999999
2024-04-09,2023021242,Montréal Canadiens,Philadelphia Flyers,9,3,0.20682231787543864,0,1,False,41,40,0.2,1.2000000000000002
2024-04-09,2023021243,New Jersey Devils,Toronto Maple Leafs,2,5,0.4652578208568293,0,0,True,42,38,0.0,0.6
2024-04-09,2023021245,Tampa Bay Lightning,Columbus Blue Jackets,5,2,0.5934858738467703,1,1,True,39,40,0.39999999999999997,2.2
2024-04-09,2023021247,Nashville Predators,Winnipeg Jets,3,4,0.45538939119957256,0,0,True,39,41,0.19999999999999996,1.0
2024-04-09,2023021244,New York Islanders,New York Rangers,4,2,0.4148636170390091,0,1,False,36,39,-0.20000000000000007,-1.6
2024-04-09,2023021248,Colorado Avalanche,Minnesota Wild,5,2,0.4217248500623844,0,1,False,37,39,0.0,-1.0
2024-04-09,2023021239,Boston Bruins,Carolina Hurricanes,1,4,0.2683087283935298,0,0,True,37,42,0.0,0.4
2024-04-09,2023021240,Detroit Red Wings,Washington Capitals,1,2,0.4675106391760594,0,0,True,44,40,0.0,0.8
2024-04-09,2023021251,San Jose Sharks,Calgary Flames,2,3,0.35824775491437394,0,0,True,39,43,0.2,1.0
2024-04-09,2023021249,Anaheim Ducks,Los Angeles Kings,3,1,0.3176151555115333,0,1,False,39,37,-0.8,-2.4
2024-04-16,2023021295,Boston Bruins,Ottawa Senators,1,3,0.3880194638421428,0,0,True,38,40,0.0,0.0
2024-04-17,2023021304,Tampa Bay Lightning,Toronto Maple Leafs,6,4,0.49224003959037577,0,1,False,40,40,0.20000000000000007,1.6
2024-04-17,2023021303,New York Islanders,Pittsburgh Penguins,5,4,0.4749541507710206,0,1,False,37,45,0.0,-0.3999999999999999
2024-04-17,2023021305,Dallas Stars,St. Louis Blues,1,1,0.5998843157308497,1,0,False,40,40,0.6000000000000001,2.4000000000000004
2024-04-18,2023021310,Colorado Avalanche,Edmonton Oilers,5,1,0.3783030491911742,0,1,False,38,43,-0.19999999999999996,-0.8
2024-04-18,2023021311,Vegas Golden Knights,Anaheim Ducks,1,4,0.6428019476957134,1,0,False,37,40,0.2,0.6
2024-04-18,2023021312,Los Angeles Kings,Chicago Blackhawks,5,4,0.6155234884348734,1,1,True,38,40,0.0,0.8
2024-04-18,2023021308,Winnipeg Jets,Vancouver Canucks,4,2,0.3479484140735054,0,1,False,42,44,0.0,0.2
2024-04-18,2023021307,Minnesota Wild,Seattle Kraken,3,4,0.5102032458728171,1,0,False,40,38,-0.39999999999999997,-1.8
2024-04-18,2023021309,Calgary Flames,San Jose Sharks,5,1,0.6277029976630428,1,1,True,44,40,0.0,-0.40000000000000013
2024-04-20,2023030141,Carolina Hurricanes,New York Islanders,3,1,0.5901721892634224,1,1,True,43,38,-0.20000000000000007,-0.19999999999999996
2024-04-20,2023030121,Boston Bruins,Toronto Maple Leafs,5,1,0.40217635052404194,0,1,False,39,41,-0.19999999999999996,-0.8
2024-04-21,2023030161,Winnipeg Jets,Colorado Avalanche,7,6,0.3818438146237311,0,1,False,43,39,0.20000000000000007,0.7999999999999999
2024-04-21,2023030111,Florida Panthers,Tampa Bay Lightning,3,2,0.45989629727216214,0,1,False,43,41,-0.20000000000000007,0.0
2024-04-21,2023030131,New York Rangers,Washington Capitals,4,1,0.6167288604823538,1,1,True,40,41,0.19999999999999996,1.4
2024-04-21,2023030171,Vancouver Canucks,Nashville Predators,4,2,0.5216718688872112,1,1,True,45,40,0.19999999999999996,-0.2
2024-04-22,2023030181,Edmonton Oilers,Los Angeles Kings,7,4,0.5825218010087136,1,1,True,44,39,0.0,0.0
2024-04-22,2023030151,Dallas Stars,Vegas Golden Knights,3,4,0.6109266419643068,1,0,False,41,38,0.39999999999999997,2.5999999999999996
2024-04-22,2023030142,Carolina Hurricanes,New York Islanders,5,3,0.6179542126860551,1,1,True,44,39,0.0,0.3999999999999999
2024-04-22,2023030122,Boston Bruins,Toronto Maple Leafs,2,3,0.4211922311743401,0,0,True,40,42,0.19999999999999996,1.6
2024-04-23,2023030112,Florida Panthers,Tampa Bay Lightning,3,2,0.5915965828611678,1,1,True,44,42,0.0,0.19999999999999996
2024-04-23,2023030132,New York Rangers,Washington Capitals,4,3,0.6338474669152839,1,1,True,41,42,0.6000000000000001,2.8
2024-04-23,2023030162,Winnipeg Jets,Colorado Avalanche,2,5,0.3647382790781466,0,0,True,44,40,0.6,2.0
2024-04-23,2023030172,Vancouver Canucks,Nashville Predators,1,4,0.5062074670599999,1,0,False,46,41,0.39999999999999997,0.6000000000000001
2024-04-24,2023030152,Dallas Stars,Vegas Golden Knights,1,3,0.6681406367420313,1,0,False,42,39,0.2,1.7999999999999998
2024-04-24,2023030182,Edmonton Oilers,Los Angeles Kings,4,5,0.6021305723789369,1,0,False,45,40,0.0,0.4
2024-04-24,2023030123,Toronto Maple Leafs,Boston Bruins,2,4,0.5258006563875539,1,0,False,43,41,0.0,-0.8
2024-04-25,2023030113,Tampa Bay Lightning,Florida Panthers,3,5,0.339208792066211,0,0,True,43,45,-0.4,-1.4
2024-04-25,2023030143,New York Islanders,Carolina Hurricanes,2,3,0.2064139509922534,0,0,True,40,45,-0.4,-2.1999999999999997
2024-04-26,2023030173,Nashville Predators,Vancouver Canucks,1,2,0.29271788238487395,0,0,True,42,47,-0.39999999999999997,-0.6000000000000001
2024-04-26,2023030133,Washington Capitals,New York Rangers,1,3,0.22124061275962284,0,0,True,43,42,-0.6000000000000001,-2.4
2024-04-26,2023030163,Colorado Avalanche,Winnipeg Jets,6,2,0.45289621814791864,0,1,False,41,45,-0.20000000000000007,0.6
2024-04-26,2023030183,Los Angeles Kings,Edmonton Oilers,1,6,0.35926969717993673,0,0,True,41,46,0.19999999999999996,0.6
2024-04-27,2023030114,Tampa Bay Lightning,Florida Panthers,6,3,0.35298801831122334,0,1,False,44,46,-0.4,-0.8
2024-04-27,2023030153,Vegas Golden Knights,Dallas Stars,2,3,0.30348430102342155,0,0,True,40,43,0.0,-1.0
2024-04-27,2023030124,Toronto Maple Leafs,Boston Bruins,1,3,0.4625139571063127,0,0,True,44,42,-0.2,-2.0
2024-04-27,2023030144,New York Islanders,Carolina Hurricanes,3,2,0.4190939027499066,0,1,False,41,46,-0.6,-2.6
2024-04-28,2023030174,Nashville Predators,Vancouver Canucks,3,4,0.4936405944851179,0,0,True,43,48,-0.39999999999999997,-0.4
2024-04-28,2023030134,Washington Capitals,New York Rangers,2,4,0.3470572070586822,0,0,True,44,43,-0.6000000000000001,-2.5999999999999996
2024-04-28,2023030164,Colorado Avalanche,Winnipeg Jets,5,1,0.5465248160711993,1,1,True,42,46,0.20000000000000007,3.2
2024-04-28,2023030184,Los Angeles Kings,Edmonton Oilers,0,1,0.40457234968958483,0,0,True,42,47,0.0,-1.6
2024-04-29,2023030115,Florida Panthers,Tampa Bay Lightning,6,1,0.5882137546273934,1,1,True,47,45,0.4,0.39999999999999997
2024-04-29,2023030154,Vegas Golden Knights,Dallas Stars,2,4,0.35536201811149987,0,0,True,41,44,0.0,-0.2
2024-04-30,2023030165,Winnipeg Jets,Colorado Avalanche,3,6,0.45207544740829325,0,0,True,47,43,-0.4,-4.4
2024-04-30,2023030145,Carolina Hurricanes,New York Islanders,6,3,0.4727621834816145,0,1,False,47,42,0.4,2.0
2024-04-30,2023030175,Vancouver Canucks,Nashville Predators,1,2,0.4768146479290838,0,0,True,49,44,0.39999999999999997,0.2
2024-04-30,2023030125,Boston Bruins,Toronto Maple Leafs,1,2,0.29464751334638895,0,0,True,43,45,0.39999999999999997,2.8
